{"x_create_study_set": 527.34632034632, "y_create_study_set": 1357.0660173160175, "x_study_set_name": 442.2705627705625, "y_study_set_name": 433.3863636363635, "x_category": 424.04004329004306, "y_category": 737.2283549783551, "x_ok": 843.3419913419907, "y_ok": 1569.7554112554114, "x_add_phrases": 533.4231601731599, "y_add_phrases": 1867.520562770563, "x_search_bar": 442.2705627705625, "y_search_bar": 360.4642857142858, "x_plus": 891.9567099567093, "y_plus": 676.4599567099567, "x_finish": 940.571428571428, "y_finish": 159.92857142857156, "x_additionally_add_phrases": 582.0378787878783, "y_additionally_add_phrases": 992.4556277056279}