{
    "plus_button_for_adding_study_set_x": 987.8646530053306,
    "plus_button_for_adding_study_set_y": 1964.2506228291086,
    "study_set_name_input_x": 176.1103703222234,
    "study_set_name_input_y": 416.8593434915915,
    "category_dropdown_x": 218.6361973089572,
    "category_dropdown_y": 669.8137399912914,
    "ok_option_x": 869.9283875304382,
    "ok_option_y": 1540.878666072697,
    "blue_add_phrases_button_x": 561.7673721643753,
    "blue_add_phrases_button_y": 1937.747776576451,
    "search_bar_input_x": 240.96389453442066,
    "search_bar_input_y": 350.23495390920925,
    "plus_button_x": 918.1717309993069,
    "plus_button_y": 637.2623370282063,
    "finish_text_x": 978.484170228372,
    "finish_text_y": 174.6194203034106,
    "central_add_phrases_button_x": 526.3079300257034,
    "central_add_phrases_button_y": 912.3542675992628
}